{"cameraMode":{"drawMode":0,"name":"Shaded","section":"Shading Mode"},"sceneLighting":false,"audioPlay":false,"sceneViewState":{"m_AlwaysRefresh":false,"showFog":true,"showSkybox":false,"showFlares":true,"showImageEffects":true,"showParticleSystems":true,"showVisualEffectGraphs":true,"m_FxEnabled":true},"in2DMode":false,"pivot":{"x":-0.28999999165534975,"y":1.0461115837097169,"z":-1.1699999570846558},"rotation":{"x":0.0000035210548503528118,"y":-0.999988317489624,"z":0.005397666711360216,"w":0.00029702612664550543},"size":0.45291343331336977,"orthographic":true}